original canceled date,resurrected canceled date,original created date,resurrected created date,original end date,resurrected end date,original next charge date,resurrected next charge date,original plan,resurrected plan,student_id,original subscription id,resurrected subscription id,days to resurrection
NULL,NULL,2/9/2021 19:06,2/12/2021 16:15,2/10/2021 0:00,2/21/2022 0:00,2/9/2022 0:00,2/12/2022 0:00,annual,annual,144384,3317,3351,2
1/9/2021 2:00,3/22/2021 0:00,1/28/2021 23:44,2/12/2021 17:20,2/9/2021 0:00,3/12/2022 0:00,2/9/2021 2:00,3/12/2022 0:00,monthly,annual,5974,331,3352,3
2/27/2021 0:00,8/28/2021 0:00,1/30/2021 21:41,3/6/2021 12:51,2/28/2021 0:00,9/6/2021 0:00,2/28/2021 0:00,9/6/2021 0:00,monthly,annual,143523,3220,3564,6
NULL,NULL,2/24/2021 13:40,3/10/2021 15:51,3/1/2021 0:00,NULL,2/24/2022 0:00,3/10/2023 0:00,annual,annual,145524,3470,3605,9
2/28/2021 0:00,NULL,1/28/2021 23:44,3/11/2021 17:23,3/9/2021 0:00,5/15/2021 0:00,3/9/2021 0:00,5/11/2021 0:00,annual,monthly,6131,1448,3616,2
2/20/2021 0:00,NULL,1/28/2021 23:44,3/16/2021 17:30,2/27/2021 0:00,NULL,2/27/2021 2:00,3/16/2023 0:00,monthly,annual,4537,460,3675,17
2/18/2021 0:00,3/17/2022 0:00,1/28/2021 23:44,3/17/2021 16:16,2/19/2021 0:00,3/17/2022 0:00,2/19/2021 2:00,3/17/2022 0:00,monthly,annual,5971,148,3705,26
NULL,3/19/2022 0:00,2/9/2021 23:13,3/19/2021 4:50,3/13/2021 0:00,3/19/2022 0:00,3/9/2021 0:00,3/19/2022 0:00,monthly,annual,144400,3319,3787,6
NULL,3/21/2022 0:00,1/28/2021 23:46,3/22/2021 18:01,2/18/2021 0:00,3/22/2022 0:00,2/9/2021 2:00,3/22/2022 0:00,annual,annual,9101,3180,3826,32
NULL,4/28/2021 0:00,2/21/2021 2:40,3/28/2021 10:52,3/21/2021 0:00,4/28/2021 0:00,3/21/2021 0:00,4/28/2021 0:00,monthly,monthly,5382,3423,3913,7
2/18/2021 0:00,11/30/2021 0:00,1/28/2021 23:44,3/30/2021 18:51,3/15/2021 0:00,12/30/2021 0:00,3/15/2021 0:00,12/30/2021 0:00,monthly,monthly,2501,998,3925,15
2/15/2021 0:00,10/1/2021 0:00,2/15/2021 18:25,4/1/2021 15:33,3/15/2021 0:00,11/1/2021 0:00,3/15/2021 0:00,11/1/2021 0:00,monthly,monthly,1994,3374,3940,17
NULL,NULL,2/24/2021 9:02,4/3/2021 20:03,3/28/2021 0:00,5/7/2021 0:00,3/24/2021 0:00,5/3/2021 0:00,monthly,monthly,145386,3466,3962,6
4/15/2020 3:00,4/16/2021 0:00,1/28/2021 23:46,4/16/2021 11:45,4/14/2021 0:00,4/16/2022 0:00,4/15/2021 3:00,4/16/2023 0:00,annual,annual,15345,2882,4052,2
4/15/2021 0:00,5/13/2021 0:00,3/30/2021 23:52,4/26/2021 1:09,4/20/2021 0:00,5/15/2021 0:00,4/30/2021 0:00,5/26/2021 0:00,annual,annual,8855,3928,4122,6
NULL,NULL,1/28/2021 23:46,4/26/2021 11:59,4/23/2021 0:00,NULL,4/14/2021 3:00,4/26/2023 0:00,annual,annual,37860,2908,4123,3
NULL,6/21/2021 0:00,2/18/2021 0:37,4/26/2021 18:25,3/18/2021 0:00,6/26/2021 0:00,3/18/2021 0:00,6/26/2021 0:00,monthly,monthly,18692,3404,4125,39
3/13/2021 0:00,4/27/2021 0:00,1/28/2021 23:46,4/27/2021 8:57,4/23/2021 0:00,5/27/2021 0:00,4/23/2021 3:00,5/27/2021 0:00,annual,monthly,14915,2404,4131,4
NULL,NULL,1/28/2021 23:46,5/1/2021 6:08,4/27/2021 0:00,NULL,4/18/2021 3:00,5/1/2023 0:00,annual,annual,10131,2679,4153,4
2/20/2021 0:00,6/29/2021 0:00,1/28/2021 23:44,5/1/2021 16:39,2/21/2021 0:00,7/1/2021 0:00,2/21/2021 0:00,7/1/2021 0:00,monthly,monthly,804,78,4158,69
4/20/2021 0:00,6/1/2021 0:00,1/28/2021 23:46,5/3/2021 17:44,4/22/2021 0:00,6/3/2021 0:00,4/22/2021 3:00,6/3/2021 0:00,annual,monthly,3850,2445,4174,11
3/22/2021 0:00,NULL,1/28/2021 23:46,5/4/2021 4:00,4/21/2021 0:00,NULL,4/21/2021 3:00,5/4/2023 0:00,annual,annual,14633,2549,4182,13
NULL,NULL,1/28/2021 23:46,5/11/2021 21:49,5/7/2021 0:00,NULL,4/28/2021 3:00,5/11/2023 0:00,annual,annual,9188,2093,4233,4
2/10/2021 0:00,5/16/2022 0:00,1/28/2021 23:44,5/16/2021 5:57,3/10/2021 0:00,5/17/2022 0:00,3/10/2021 0:00,5/16/2023 0:00,monthly,annual,4132,328,4251,67
4/22/2021 0:00,4/7/2022 0:00,1/28/2021 23:46,5/17/2021 7:43,4/23/2021 0:00,5/17/2022 0:00,4/23/2021 3:00,5/17/2022 0:00,annual,annual,2917,2374,4262,24
2/27/2021 0:00,5/21/2021 0:00,1/28/2021 23:44,5/17/2021 8:26,2/28/2021 0:00,6/17/2021 0:00,2/28/2021 0:00,6/17/2021 0:00,monthly,monthly,2930,1093,4263,78
NULL,NULL,3/19/2021 8:50,5/24/2021 1:06,4/23/2021 0:00,8/28/2022 0:00,4/19/2021 0:00,8/24/2022 0:00,monthly,annual,146625,3794,4303,31
4/19/2021 0:00,NULL,1/28/2021 23:46,5/28/2021 15:39,4/21/2021 0:00,NULL,4/21/2021 3:00,5/28/2023 0:00,annual,annual,5334,2550,4369,37
2/2/2020 2:00,5/30/2021 0:00,1/28/2021 23:46,5/30/2021 3:49,2/1/2021 0:00,5/30/2022 0:00,2/2/2021 2:00,5/30/2022 0:00,annual,annual,2851,3187,4398,118
5/31/2021 0:00,NULL,4/29/2021 20:56,5/31/2021 10:44,5/29/2021 0:00,10/4/2021 0:00,5/29/2021 0:00,9/30/2021 0:00,monthly,monthly,149617,4146,4446,2
3/15/2021 0:00,6/3/2022 0:00,1/28/2021 23:46,6/3/2021 10:48,4/15/2021 0:00,6/3/2022 0:00,4/15/2021 3:00,6/3/2023 0:00,annual,annual,19005,2861,4552,49
NULL,9/23/2022 0:00,1/28/2021 23:44,6/25/2021 2:10,6/16/2021 0:00,9/25/2022 0:00,6/7/2021 3:00,9/25/2022 0:00,annual,annual,9952,1932,4711,9
2/19/2021 0:00,11/18/2021 0:00,1/28/2021 23:44,6/27/2021 14:06,2/25/2021 0:00,11/27/2021 0:00,2/25/2021 2:00,11/27/2021 0:00,monthly,monthly,6408,1976,4719,122
NULL,NULL,1/28/2021 23:46,6/29/2021 3:03,3/3/2021 0:00,8/2/2021 0:00,2/27/2021 2:00,7/29/2021 0:00,monthly,monthly,3367,2216,4728,118
NULL,12/27/2021 0:00,1/28/2021 23:44,6/30/2021 14:19,6/25/2021 0:00,12/30/2021 0:00,6/21/2021 0:00,12/30/2021 0:00,monthly,monthly,5791,1363,4737,5
NULL,NULL,3/2/2021 20:36,7/1/2021 0:14,6/6/2021 0:00,9/5/2021 0:00,6/2/2021 0:00,9/1/2021 0:00,monthly,monthly,2943,3532,4739,25
NULL,NULL,1/28/2021 23:44,7/1/2021 7:40,6/26/2021 0:00,NULL,6/17/2021 3:00,7/1/2023 0:00,annual,annual,18868,1890,4742,5
NULL,NULL,4/11/2021 10:34,7/3/2021 8:36,6/15/2021 0:00,8/7/2021 0:00,6/11/2021 0:00,8/3/2021 0:00,monthly,monthly,148901,4016,4751,18
5/27/2021 0:00,7/5/2021 0:00,5/26/2021 18:20,7/5/2021 19:50,6/1/2021 0:00,8/5/2021 0:00,5/26/2022 0:00,8/5/2021 0:00,annual,monthly,156080,4333,4768,34
3/17/2021 0:00,11/13/2021 0:00,1/28/2021 23:46,7/13/2021 21:27,4/5/2021 0:00,12/13/2021 0:00,4/5/2021 3:00,12/13/2021 0:00,annual,monthly,5684,3071,4825,99
7/8/2020 3:00,7/14/2022 0:00,1/28/2021 23:44,7/14/2021 15:41,7/8/2021 0:00,7/14/2022 0:00,7/8/2021 3:00,7/14/2023 0:00,annual,annual,2324,1748,4829,6
6/4/2021 0:00,NULL,3/17/2021 12:02,7/21/2021 1:02,6/9/2021 0:00,NULL,5/17/2022 0:00,7/21/2023 0:00,annual,annual,147005,3694,4890,42
4/27/2021 0:00,NULL,1/28/2021 23:46,7/23/2021 19:22,4/28/2021 0:00,NULL,4/28/2021 3:00,7/23/2023 0:00,annual,annual,8018,2137,4927,86
5/3/2021 0:00,7/25/2022 0:00,5/1/2021 23:12,7/23/2021 23:58,6/1/2021 0:00,7/23/2023 0:00,6/1/2021 0:00,7/23/2023 0:00,annual,annual,150819,4163,4934,52
NULL,NULL,1/28/2021 23:44,7/24/2021 22:49,6/10/2021 0:00,9/28/2021 0:00,6/1/2021 3:00,9/24/2021 0:00,annual,monthly,3297,1958,4944,44
NULL,NULL,6/10/2021 10:56,7/26/2021 21:27,7/20/2021 0:00,8/30/2021 0:00,7/10/2021 0:00,8/26/2021 0:00,monthly,monthly,157184,4625,4996,6
NULL,NULL,7/18/2021 2:47,7/28/2021 13:58,7/22/2021 0:00,7/28/2022 0:00,8/18/2021 0:00,10/28/2023 0:00,monthly,annual,160452,4852,5023,6
7/20/2021 0:00,NULL,6/23/2021 19:56,7/29/2021 1:59,7/23/2021 0:00,NULL,7/23/2021 0:00,7/29/2023 0:00,monthly,annual,8974,4702,5044,6
7/3/2021 0:00,NULL,1/28/2021 23:44,7/29/2021 2:47,7/9/2021 0:00,NULL,7/9/2021 3:00,7/29/2023 0:00,annual,annual,5211,1704,5046,20
6/13/2021 0:00,8/11/2021 0:00,1/28/2021 23:44,7/30/2021 4:29,7/11/2021 0:00,8/30/2021 0:00,7/11/2021 0:00,8/30/2021 0:00,monthly,monthly,11402,1152,5062,19
NULL,NULL,3/12/2021 5:20,7/31/2021 2:50,3/16/2021 0:00,8/2/2021 0:00,3/12/2022 0:00,7/31/2022 0:00,annual,annual,146547,3620,5065,137
NULL,NULL,1/28/2021 23:46,8/2/2021 17:00,4/30/2021 0:00,8/11/2022 0:00,4/21/2021 3:00,8/2/2022 0:00,annual,annual,2512,2543,5078,94
NULL,1/8/2022 0:00,6/1/2021 7:29,8/8/2021 15:22,8/5/2021 0:00,2/8/2022 0:00,8/1/2021 0:00,2/8/2022 0:00,monthly,monthly,156561,4488,5119,3
NULL,8/17/2022 0:00,4/6/2021 10:47,8/12/2021 15:25,8/10/2021 0:00,8/12/2023 0:00,8/6/2021 0:00,8/12/2023 0:00,annual,annual,148467,3979,5137,2
8/3/2021 0:00,10/4/2021 0:00,7/3/2021 16:23,8/16/2021 17:42,8/4/2021 0:00,10/16/2021 0:00,9/3/2021 0:00,10/16/2021 0:00,monthly,monthly,159058,4752,5151,12
NULL,8/16/2021 0:00,7/5/2021 20:28,8/16/2021 20:12,8/9/2021 0:00,9/16/2021 0:00,8/5/2021 0:00,9/16/2021 0:00,monthly,monthly,158315,4769,5152,7
1/14/2021 2:00,NULL,1/28/2021 23:46,8/19/2021 10:42,2/13/2021 0:00,NULL,2/13/2021 2:00,8/19/2023 0:00,monthly,annual,6808,3139,5180,187
NULL,NULL,1/28/2021 23:44,8/23/2021 14:25,6/22/2021 0:00,9/1/2022 0:00,6/12/2021 3:00,8/23/2022 0:00,annual,annual,17547,1911,5214,62
4/9/2021 0:00,NULL,1/28/2021 23:46,8/23/2021 14:44,4/18/2021 0:00,NULL,4/18/2021 3:00,8/23/2023 0:00,annual,annual,709,2673,5215,127
2/20/2021 0:00,NULL,1/28/2021 23:44,8/23/2021 14:56,3/3/2021 0:00,NULL,3/3/2021 0:00,8/23/2023 0:00,monthly,annual,1362,612,5216,173
NULL,NULL,1/28/2021 23:46,8/23/2021 15:28,5/1/2021 0:00,9/1/2022 0:00,4/22/2021 3:00,8/23/2022 0:00,annual,annual,2295,2478,5218,114
7/28/2021 0:00,3/28/2022 0:00,1/28/2021 23:44,8/23/2021 15:52,8/18/2021 0:00,11/23/2022 0:00,8/18/2021 3:00,11/23/2022 0:00,annual,annual,3822,1530,5219,5
7/3/2021 0:00,NULL,1/28/2021 23:44,8/23/2021 16:19,7/9/2021 0:00,9/1/2022 0:00,7/9/2021 3:00,8/23/2022 0:00,annual,annual,19597,1724,5220,45
3/2/2020 2:00,8/23/2021 0:00,1/28/2021 23:46,8/23/2021 23:35,3/1/2021 0:00,11/23/2022 0:00,3/2/2021 2:00,11/23/2023 0:00,annual,annual,15328,3150,5223,175
NULL,NULL,1/28/2021 23:46,8/24/2021 0:28,3/18/2021 0:00,NULL,3/9/2021 2:00,8/24/2023 0:00,annual,annual,1661,3143,5224,159
NULL,NULL,1/28/2021 23:44,8/24/2021 22:54,7/19/2021 0:00,8/24/2022 0:00,7/15/2021 3:00,8/24/2023 0:00,annual,annual,1693,1644,5231,36
NULL,2/27/2022 0:00,2/14/2021 10:03,8/25/2021 11:07,3/1/2021 0:00,8/25/2022 0:00,2/14/2022 0:00,8/25/2022 0:00,annual,annual,143655,3363,5237,177
NULL,NULL,1/28/2021 23:46,8/25/2021 21:09,4/21/2021 0:00,NULL,4/12/2021 3:00,8/25/2023 0:00,annual,annual,86545,2977,5244,126
2/10/2021 0:00,NULL,1/28/2021 23:44,8/25/2021 23:39,2/14/2021 0:00,8/26/2022 0:00,2/14/2021 2:00,8/25/2022 0:00,monthly,annual,3195,255,5247,192
NULL,NULL,1/28/2021 23:46,8/26/2021 11:14,4/23/2021 0:00,NULL,4/14/2021 3:00,8/26/2023 0:00,annual,annual,13464,2933,5252,125
NULL,NULL,1/28/2021 23:46,8/26/2021 13:08,4/24/2021 0:00,NULL,4/15/2021 3:00,8/26/2023 0:00,annual,annual,9380,2884,5254,124
3/16/2021 0:00,NULL,1/28/2021 23:46,8/26/2021 16:38,4/16/2021 0:00,8/26/2022 0:00,4/16/2021 3:00,8/26/2022 0:00,annual,annual,10504,2804,5260,132
2/12/2021 0:00,NULL,1/28/2021 23:44,8/26/2021 22:45,7/5/2021 0:00,NULL,7/5/2021 3:00,8/26/2023 0:00,annual,annual,12330,1797,5262,52
4/25/2021 0:00,NULL,1/28/2021 23:44,8/26/2021 22:47,5/25/2021 0:00,NULL,5/25/2021 3:00,8/26/2023 0:00,annual,annual,6363,1977,5263,93
4/3/2021 0:00,NULL,1/28/2021 23:46,8/26/2021 23:27,4/23/2021 0:00,NULL,4/23/2021 3:00,8/26/2023 0:00,annual,annual,4371,2365,5264,125
4/18/2021 0:00,NULL,1/28/2021 23:46,8/27/2021 3:19,4/21/2021 0:00,NULL,4/21/2021 3:00,8/27/2023 0:00,annual,annual,7568,2552,5266,128
2/6/2021 0:00,NULL,1/28/2021 23:46,8/27/2021 6:36,4/15/2021 0:00,NULL,4/15/2021 3:00,8/27/2023 0:00,annual,annual,14347,2888,5268,134
4/22/2021 0:00,8/30/2021 0:00,1/28/2021 23:46,8/27/2021 8:02,4/29/2021 0:00,8/27/2022 0:00,4/29/2021 3:00,8/27/2022 0:00,annual,annual,8791,2079,5270,120
NULL,NULL,1/28/2021 23:46,8/27/2021 8:15,4/13/2021 0:00,9/5/2022 0:00,4/4/2021 3:00,8/27/2022 0:00,annual,annual,2807,3081,5273,136
3/17/2021 0:00,NULL,1/28/2021 23:46,8/27/2021 9:27,4/17/2021 0:00,NULL,4/17/2021 3:00,8/27/2023 0:00,annual,annual,2243,2735,5274,132
NULL,NULL,1/28/2021 23:46,8/27/2021 12:04,4/28/2021 0:00,NULL,4/24/2021 3:00,8/27/2023 0:00,annual,annual,9112,2288,5277,121
8/6/2021 0:00,11/22/2022 0:00,7/6/2021 2:49,8/27/2021 12:19,8/6/2021 0:00,11/27/2022 0:00,8/6/2021 0:00,11/27/2022 0:00,monthly,annual,159359,4771,5278,21
8/7/2021 0:00,7/22/2022 0:00,7/16/2021 10:01,8/27/2021 12:57,8/16/2021 0:00,8/27/2022 0:00,8/16/2021 0:00,8/27/2022 0:00,monthly,annual,160705,4842,5279,11
NULL,NULL,1/28/2021 23:44,8/27/2021 13:58,7/30/2021 0:00,NULL,7/9/2021 3:00,8/27/2023 0:00,annual,annual,9409,1731,5283,28
NULL,NULL,5/30/2021 19:30,8/29/2021 19:50,7/5/2021 0:00,10/3/2021 0:00,6/30/2021 0:00,9/29/2021 0:00,monthly,monthly,29303,4419,5298,55
6/28/2021 0:00,NULL,1/28/2021 23:44,8/30/2021 16:18,7/27/2021 0:00,9/8/2022 0:00,7/27/2021 0:00,8/30/2022 0:00,monthly,annual,2764,1585,5309,34
NULL,11/30/2022 0:00,1/28/2021 23:46,8/31/2021 2:13,4/6/2021 0:00,11/30/2023 0:00,3/31/2021 3:00,11/30/2023 0:00,annual,annual,2495,3112,5319,147
7/29/2021 0:00,8/30/2022 0:00,1/28/2021 23:44,8/31/2021 15:33,8/3/2021 0:00,8/31/2022 0:00,8/3/2021 3:00,8/31/2022 0:00,annual,annual,13538,1565,5329,28
NULL,NULL,3/30/2021 20:03,8/31/2021 18:47,4/23/2021 0:00,NULL,3/30/2022 0:00,2/1/2023 0:00,annual,annual,146990,3926,5331,130
8/21/2021 0:00,9/27/2021 0:00,7/26/2021 10:09,9/1/2021 13:27,8/26/2021 0:00,10/1/2021 0:00,8/26/2021 0:00,10/1/2021 0:00,monthly,monthly,161118,4981,5341,6
8/4/2021 0:00,11/3/2021 0:00,4/7/2021 9:41,9/2/2021 8:33,8/7/2021 0:00,12/2/2021 0:00,8/7/2021 0:00,12/2/2021 0:00,monthly,monthly,148222,3984,5345,26
NULL,NULL,7/23/2021 20:49,9/7/2021 23:46,8/27/2021 0:00,10/11/2021 0:00,8/23/2021 0:00,10/7/2021 0:00,monthly,monthly,161362,4930,5375,11
NULL,NULL,1/28/2021 23:44,9/9/2021 14:41,8/3/2021 0:00,NULL,7/23/2021 3:00,9/9/2023 0:00,annual,annual,3698,1593,5383,37
2/3/2021 0:00,9/19/2021 0:00,2/3/2021 6:06,9/19/2021 5:46,3/3/2021 0:00,10/19/2021 0:00,3/3/2021 0:00,10/19/2021 0:00,monthly,monthly,143714,3264,5424,200
NULL,NULL,1/28/2021 23:44,9/21/2021 11:11,9/18/2021 0:00,9/30/2022 0:00,9/9/2021 3:00,9/21/2022 0:00,annual,annual,3291,1451,5443,3
5/25/2021 0:00,5/9/2022 0:00,2/24/2021 3:52,9/24/2021 0:57,5/25/2021 0:00,5/24/2022 0:00,6/24/2021 0:00,5/24/2022 0:00,monthly,monthly,145484,3462,5469,122
2/7/2021 0:00,11/21/2021 0:00,1/28/2021 23:44,9/24/2021 1:38,3/7/2021 0:00,11/24/2021 0:00,3/7/2021 0:00,11/24/2021 0:00,monthly,monthly,3880,557,5470,201
4/21/2020 3:00,9/26/2021 0:00,1/28/2021 23:46,9/26/2021 11:38,4/17/2021 0:00,9/26/2022 0:00,4/18/2021 3:00,9/26/2022 0:00,annual,annual,23504,2681,5503,162
NULL,10/20/2022 0:00,7/14/2021 20:35,9/26/2021 17:23,7/19/2021 0:00,10/21/2022 0:00,7/14/2022 0:00,9/26/2023 0:00,annual,annual,159621,4832,5511,69
8/6/2021 0:00,10/26/2021 0:00,6/7/2021 13:31,9/26/2021 23:46,8/7/2021 0:00,11/26/2021 0:00,8/7/2021 0:00,11/26/2021 0:00,monthly,monthly,156167,4612,5516,50
NULL,NULL,1/28/2021 23:44,9/27/2021 10:16,3/23/2021 0:00,12/1/2021 0:00,3/19/2021 0:00,11/27/2021 0:00,monthly,monthly,2134,147,5528,188
NULL,10/15/2022 0:00,5/31/2021 11:32,9/27/2021 19:26,6/9/2021 0:00,12/27/2022 0:00,5/31/2022 0:00,12/27/2022 0:00,annual,annual,156467,4451,5548,110
NULL,NULL,1/28/2021 23:46,10/1/2021 3:10,4/25/2021 0:00,9/5/2022 0:00,4/16/2021 3:00,9/1/2022 0:00,annual,monthly,5554,2846,5597,159
NULL,NULL,1/30/2021 2:26,10/3/2021 21:13,4/1/2021 0:00,7/7/2022 0:00,3/28/2021 0:00,7/3/2022 0:00,monthly,monthly,143454,3211,5607,185
7/17/2021 0:00,10/17/2021 0:00,7/8/2021 16:55,10/11/2021 12:30,8/8/2021 0:00,11/11/2021 0:00,8/8/2021 0:00,11/11/2021 0:00,monthly,monthly,159207,4792,5657,64
NULL,NULL,1/28/2021 23:46,10/12/2021 10:38,5/10/2021 0:00,12/16/2021 0:00,5/1/2021 3:00,12/12/2021 0:00,annual,monthly,2167,2061,5680,155
NULL,NULL,1/28/2021 23:44,10/13/2021 6:26,10/11/2021 0:00,10/22/2022 0:00,10/2/2021 3:00,10/13/2022 0:00,annual,annual,3857,1185,5686,2
7/3/2021 0:00,11/16/2021 0:00,6/10/2021 15:58,10/15/2021 1:34,7/10/2021 0:00,12/15/2021 0:00,7/10/2021 0:00,12/15/2021 0:00,monthly,monthly,157202,4628,5702,97
NULL,11/25/2021 0:00,1/28/2021 23:46,10/15/2021 12:07,10/13/2021 0:00,12/15/2021 0:00,10/9/2021 0:00,12/15/2021 0:00,monthly,monthly,6656,3013,5708,2
NULL,5/27/2022 0:00,4/10/2021 18:02,10/26/2021 7:54,7/20/2021 0:00,11/26/2022 0:00,7/10/2021 0:00,11/26/2022 0:00,monthly,annual,3272,4012,5734,98
3/18/2021 0:00,9/7/2022 0:00,3/18/2021 15:39,11/1/2021 22:52,3/22/2021 0:00,11/1/2022 0:00,3/18/2022 0:00,11/1/2022 0:00,annual,annual,147116,3753,5745,224
3/17/2021 0:00,NULL,1/28/2021 23:46,11/22/2021 19:24,4/15/2021 0:00,NULL,4/15/2021 3:00,2/22/2023 0:00,annual,annual,3577,2871,5871,221
7/6/2021 0:00,NULL,4/7/2021 19:31,11/24/2021 1:51,7/7/2021 0:00,NULL,7/7/2021 0:00,11/24/2023 0:00,monthly,annual,2591,3987,5985,140
9/14/2021 0:00,3/2/2022 0:00,7/16/2021 1:25,11/24/2021 2:53,9/16/2021 0:00,3/24/2022 0:00,9/16/2021 0:00,3/24/2022 0:00,monthly,monthly,160562,4838,5990,69
8/8/2021 0:00,8/23/2022 0:00,1/28/2021 23:44,11/24/2021 17:39,9/7/2021 0:00,11/24/2022 0:00,9/7/2021 3:00,11/24/2022 0:00,annual,annual,1928,1462,6041,78
NULL,NULL,1/28/2021 23:44,11/24/2021 17:48,10/10/2021 0:00,NULL,10/1/2021 3:00,11/24/2023 0:00,annual,annual,4054,1217,6042,45
NULL,NULL,1/28/2021 23:46,11/25/2021 19:26,4/26/2021 0:00,12/4/2022 0:00,4/17/2021 3:00,11/25/2022 0:00,annual,annual,1235,2715,6124,213
4/10/2021 0:00,NULL,1/28/2021 23:46,11/25/2021 20:19,4/17/2021 0:00,12/4/2022 0:00,4/17/2021 3:00,11/25/2022 0:00,annual,annual,5749,2712,6127,222
4/9/2021 0:00,11/23/2022 0:00,1/28/2021 23:46,11/25/2021 21:11,4/16/2021 0:00,11/25/2022 0:00,4/16/2021 3:00,11/25/2022 0:00,annual,annual,11793,2766,6129,223
4/12/2021 0:00,12/29/2021 0:00,1/28/2021 23:46,11/26/2021 12:57,4/15/2021 0:00,1/26/2022 0:00,4/15/2021 3:00,1/26/2022 0:00,annual,monthly,1867,2872,6171,225
1/22/2021 2:00,NULL,1/28/2021 23:44,11/26/2021 18:47,2/11/2021 0:00,NULL,2/11/2021 2:00,2/26/2023 0:00,monthly,annual,1221,1443,6207,288
NULL,NULL,7/25/2021 21:28,11/27/2021 6:49,8/16/2021 0:00,NULL,7/25/2022 0:00,2/27/2023 0:00,annual,annual,27787,4969,6268,103
3/22/2021 0:00,1/9/2023 0:00,2/13/2021 8:23,11/27/2021 6:57,4/13/2021 0:00,2/27/2023 0:00,4/13/2021 0:00,2/27/2023 0:00,monthly,annual,12284,3356,6269,228
5/20/2021 0:00,NULL,1/28/2021 23:44,11/27/2021 23:38,5/23/2021 0:00,NULL,5/23/2021 3:00,2/27/2023 0:00,annual,annual,5143,1979,6347,188
NULL,NULL,6/24/2021 22:13,11/29/2021 12:32,10/28/2021 0:00,5/2/2022 0:00,10/24/2021 0:00,4/28/2022 0:00,monthly,monthly,158105,4710,6693,32
NULL,NULL,1/28/2021 23:46,11/29/2021 13:17,4/28/2021 0:00,12/8/2022 0:00,4/19/2021 3:00,11/29/2022 0:00,annual,annual,10690,2608,6715,215
9/23/2021 0:00,NULL,1/28/2021 23:44,11/29/2021 14:26,9/24/2021 0:00,NULL,9/24/2021 3:00,2/29/2024 0:00,annual,annual,8539,1287,6740,66
5/29/2021 0:00,11/29/2022 0:00,5/29/2021 19:07,11/29/2021 16:22,6/29/2021 0:00,11/29/2022 0:00,6/29/2021 0:00,11/29/2023 0:00,monthly,annual,148670,4392,6767,153
NULL,NULL,1/28/2021 23:46,11/29/2021 17:11,5/2/2021 0:00,12/8/2022 0:00,4/23/2021 3:00,11/29/2022 0:00,annual,annual,9754,2388,6772,211
6/9/2021 0:00,NULL,1/28/2021 23:44,11/29/2021 23:25,7/9/2021 0:00,NULL,7/9/2021 3:00,11/29/2023 0:00,annual,annual,5509,1736,6798,143
9/27/2021 0:00,NULL,1/28/2021 23:44,11/30/2021 21:27,10/1/2021 0:00,NULL,10/1/2021 3:00,11/30/2023 0:00,annual,annual,142965,1196,6849,60
1/26/2021 2:00,NULL,1/28/2021 23:44,12/1/2021 23:49,6/15/2021 0:00,NULL,6/15/2021 3:00,3/1/2023 0:00,annual,annual,1016,1901,6957,169
11/11/2021 0:00,NULL,1/28/2021 23:44,12/2/2021 4:33,11/28/2021 0:00,NULL,11/28/2021 2:00,12/2/2023 0:00,annual,annual,6623,792,6984,4
NULL,7/29/2022 0:00,1/28/2021 23:46,12/3/2021 12:19,10/20/2021 0:00,8/3/2022 0:00,10/16/2021 0:00,8/3/2022 0:00,monthly,monthly,10393,2828,7027,44
NULL,NULL,1/28/2021 23:46,12/5/2021 3:59,5/1/2021 0:00,12/14/2022 0:00,4/22/2021 3:00,12/5/2022 0:00,annual,annual,7790,2425,7039,218
NULL,NULL,1/28/2021 23:46,12/10/2021 2:00,5/6/2021 0:00,1/14/2022 0:00,4/27/2021 3:00,1/10/2022 0:00,annual,monthly,14463,2180,7071,218
NULL,1/19/2022 0:00,5/22/2021 21:38,12/18/2021 20:53,6/23/2021 0:00,2/18/2022 0:00,6/22/2021 0:00,2/18/2022 0:00,monthly,monthly,7437,4295,7128,178
NULL,1/4/2022 0:00,5/9/2021 17:12,12/20/2021 14:45,10/11/2021 0:00,1/20/2022 0:00,10/9/2022 0:00,1/20/2022 0:00,annual,monthly,152766,4212,7137,70
1/14/2021 2:00,NULL,1/28/2021 23:44,12/22/2021 8:13,10/30/2021 3:00,NULL,11/30/2023 0:00,12/22/2023 0:00,annual,annual,1107,1095,7154,53
10/17/2021 0:00,1/31/2022 0:00,4/10/2021 7:33,1/6/2022 11:18,10/18/2021 0:00,2/6/2022 0:00,10/10/2022 0:00,2/6/2022 0:00,annual,monthly,148786,4008,7278,80
NULL,4/27/2022 0:00,1/28/2021 23:44,1/6/2022 18:35,12/11/2021 0:00,5/6/2022 0:00,12/2/2021 2:00,5/6/2022 0:00,annual,monthly,4160,618,7280,26
10/16/2021 0:00,NULL,1/28/2021 23:44,1/11/2022 17:43,10/14/2021 0:00,1/20/2023 0:00,10/14/2021 0:00,1/11/2023 0:00,annual,annual,8095,1662,7326,89
NULL,NULL,1/28/2021 23:46,1/12/2022 19:49,5/13/2021 0:00,1/21/2023 0:00,5/4/2021 3:00,1/12/2023 0:00,annual,annual,2555,2053,7345,244
6/30/2021 0:00,NULL,6/3/2021 9:57,1/13/2022 10:05,7/1/2021 0:00,2/13/2022 0:00,6/3/2022 0:00,2/13/2022 0:00,annual,monthly,156716,4550,7349,196
NULL,NULL,1/28/2021 23:44,1/14/2022 13:21,12/12/2021 0:00,1/23/2023 0:00,12/3/2021 2:00,1/14/2023 0:00,annual,annual,1426,595,7358,33
11/27/2021 0:00,NULL,1/28/2021 23:44,1/16/2022 20:27,11/26/2021 0:00,2/20/2022 0:00,11/26/2021 2:00,2/16/2022 0:00,annual,monthly,7538,860,7381,51
7/22/2021 0:00,NULL,2/22/2021 0:52,1/17/2022 19:40,7/22/2021 0:00,NULL,7/22/2021 0:00,1/17/2024 0:00,monthly,annual,145311,3431,7394,179
NULL,4/18/2022 0:00,4/29/2021 12:18,1/20/2022 21:52,12/3/2021 0:00,4/20/2022 0:00,11/29/2021 0:00,4/20/2022 0:00,monthly,monthly,151575,4144,7458,48
8/7/2021 0:00,11/28/2022 0:00,1/28/2021 23:44,1/23/2022 11:45,9/7/2021 0:00,1/23/2023 0:00,9/7/2021 3:00,1/23/2023 0:00,annual,annual,13006,1460,7502,138
NULL,NULL,1/28/2021 23:44,1/26/2022 11:53,12/12/2021 0:00,NULL,12/3/2021 2:00,1/26/2023 0:00,annual,annual,3852,609,7573,45
11/29/2021 0:00,NULL,1/28/2021 23:44,1/26/2022 17:34,11/30/2021 0:00,NULL,11/30/2021 2:00,1/26/2024 0:00,annual,annual,7142,671,7582,57
3/16/2021 0:00,NULL,1/28/2021 23:46,1/27/2022 3:51,4/22/2021 0:00,NULL,4/22/2021 3:00,6/17/2023 0:00,annual,annual,1581,2448,7598,280
11/28/2021 0:00,NULL,1/28/2021 23:44,1/27/2022 6:02,11/28/2021 0:00,NULL,11/28/2021 2:00,4/27/2023 0:00,annual,annual,7329,785,7600,60
12/3/2021 0:00,2/18/2022 0:00,1/28/2021 23:44,1/28/2022 16:03,12/9/2021 0:00,2/28/2022 0:00,12/9/2021 0:00,2/28/2022 0:00,annual,monthly,987,1449,7695,50
NULL,NULL,1/28/2021 23:44,2/1/2022 10:48,1/30/2022 0:00,NULL,1/21/2022 2:00,2/1/2023 0:00,annual,annual,1538,95,7712,2
NULL,NULL,7/5/2021 18:15,2/5/2022 17:18,11/9/2021 0:00,3/9/2022 0:00,11/5/2021 0:00,3/5/2022 0:00,annual,monthly,159101,4766,7749,88
5/22/2021 0:00,3/20/2022 5:50,1/28/2021 23:44,2/10/2022 3:16,6/6/2021 0:00,4/10/2022 3:21,6/6/2021 0:00,3/10/2022 3:16,monthly,monthly,3728,358,7804,249
2/12/2021 0:00,NULL,2/12/2021 16:08,2/14/2022 15:26,2/12/2022 0:00,NULL,2/12/2022 0:00,2/14/2023 15:26,annual,annual,144644,3350,7834,2
3/25/2021 0:00,NULL,1/28/2021 23:46,2/14/2022 17:23,4/1/2021 0:00,NULL,4/1/2021 3:00,2/14/2023 17:23,annual,annual,3236,3108,7836,319
3/29/2021 0:00,NULL,1/28/2021 23:46,2/14/2022 18:35,4/5/2021 0:00,NULL,4/5/2021 3:00,2/14/2023 18:35,annual,annual,10422,3069,7837,315
8/12/2021 0:00,NULL,1/28/2021 23:44,2/14/2022 18:57,8/30/2021 0:00,NULL,8/30/2021 3:00,2/14/2023 18:57,annual,annual,3984,1496,7838,168
NULL,NULL,1/28/2021 23:44,2/15/2022 13:05,2/6/2022 0:00,NULL,2/2/2022 0:00,2/15/2023 13:05,monthly,annual,5955,1184,7852,9
NULL,NULL,1/30/2021 15:47,2/16/2022 14:28,2/1/2022 0:00,NULL,1/30/2022 0:00,2/16/2023 14:28,annual,annual,143510,3216,7864,15
NULL,NULL,1/28/2021 23:44,2/16/2022 15:37,12/5/2021 0:00,NULL,12/4/2021 2:00,2/16/2023 15:37,annual,annual,6773,575,7866,73
NULL,NULL,1/28/2021 23:44,2/16/2022 16:33,11/30/2021 0:00,NULL,11/21/2021 2:00,2/16/2023 16:33,annual,annual,4795,948,7868,78
NULL,NULL,6/29/2021 9:41,2/16/2022 19:52,9/2/2021 0:00,NULL,8/29/2021 0:00,2/16/2023 19:52,monthly,annual,158463,4729,7873,167
NULL,NULL,1/28/2021 23:44,2/16/2022 20:44,1/30/2022 0:00,NULL,1/21/2022 2:00,2/16/2023 20:44,annual,annual,1809,88,7874,17
NULL,NULL,1/28/2021 23:44,2/16/2022 22:45,1/21/2022 0:00,NULL,1/21/2023 0:00,2/16/2023 22:45,annual,annual,1754,94,7875,26
3/19/2021 0:00,NULL,1/28/2021 23:46,2/17/2022 3:00,4/18/2021 0:00,NULL,4/18/2021 3:00,2/17/2023 3:00,annual,annual,6618,2654,7876,305
11/29/2021 0:00,NULL,1/28/2021 23:44,2/17/2022 4:16,1/14/2022 0:00,NULL,1/14/2022 2:00,2/17/2023 4:16,annual,annual,2741,235,7878,34
8/24/2021 0:00,12/16/2022 9:37,1/28/2021 23:44,2/17/2022 6:07,9/24/2021 0:00,2/17/2023 6:07,9/24/2021 3:00,2/17/2023 6:07,annual,annual,5389,1291,7880,146
10/7/2021 0:00,NULL,1/28/2021 23:44,2/17/2022 6:09,10/8/2021 0:00,NULL,10/8/2021 0:00,2/17/2023 6:09,annual,annual,5774,1753,7881,132
NULL,NULL,1/28/2021 23:46,2/17/2022 6:42,4/30/2021 0:00,NULL,4/21/2021 3:00,2/17/2023 6:42,annual,annual,22364,2505,7882,293
2/11/2021 0:00,NULL,1/28/2021 23:44,2/17/2022 7:29,12/4/2021 0:00,NULL,12/4/2021 2:00,2/17/2023 7:29,annual,annual,6726,584,7885,75
9/18/2021 0:00,NULL,1/28/2021 23:44,2/17/2022 11:28,9/12/2021 0:00,NULL,9/12/2021 3:00,2/17/2023 11:28,annual,annual,4884,1442,7890,158
3/22/2021 0:00,NULL,1/28/2021 23:46,2/17/2022 12:05,3/26/2021 0:00,NULL,3/26/2021 2:00,2/17/2023 12:05,annual,annual,13478,3121,7891,328
NULL,NULL,3/6/2021 23:53,2/17/2022 12:22,5/10/2021 0:00,NULL,5/6/2021 0:00,2/17/2023 12:22,monthly,annual,1923,3573,7893,283
NULL,NULL,1/28/2021 23:44,2/17/2022 14:09,12/12/2021 0:00,NULL,12/3/2021 2:00,2/17/2023 14:09,annual,annual,5254,594,7895,67
11/17/2021 0:00,3/9/2022 15:15,1/28/2021 23:44,3/9/2022 15:05,1/14/2022 0:00,NULL,1/14/2022 2:00,3/9/2023 15:05,annual,annual,3115,239,8063,54
NULL,NULL,1/28/2021 23:44,3/13/2022 15:43,3/10/2022 0:00,NULL,3/1/2022 0:00,3/13/2023 15:43,annual,annual,3423,642,8101,3
6/30/2021 0:00,5/2/2022 23:35,1/28/2021 23:44,3/20/2022 22:54,7/13/2021 0:00,5/20/2022 23:01,7/13/2021 3:00,4/20/2022 22:54,annual,monthly,4435,1672,8167,250
12/21/2021 0:00,3/23/2022 14:54,1/28/2021 23:44,3/23/2022 14:48,12/27/2021 0:00,3/25/2022 9:48,12/26/2021 0:00,3/23/2023 14:48,annual,annual,4231,1257,8196,86
NULL,NULL,1/28/2021 23:44,3/24/2022 12:07,7/28/2021 0:00,NULL,6/30/2021 3:00,3/24/2023 12:07,annual,annual,4784,1856,8210,239
NULL,NULL,1/28/2021 23:46,3/27/2022 15:51,4/20/2021 0:00,NULL,4/11/2021 3:00,3/27/2023 15:51,annual,annual,1019,2985,8259,341
2/16/2021 0:00,NULL,1/28/2021 23:46,3/28/2022 17:42,2/23/2021 0:00,NULL,2/23/2021 2:00,3/28/2023 17:42,annual,annual,1521,3162,8273,398
2/7/2021 0:00,NULL,1/28/2021 23:44,3/31/2022 1:17,1/14/2022 0:00,NULL,1/14/2022 2:00,3/31/2023 1:17,annual,annual,2840,256,8373,76
2/8/2021 0:00,NULL,1/28/2021 23:46,3/31/2022 2:30,2/24/2022 0:00,NULL,2/15/2022 0:00,11/30/2023 2:05,annual,annual,5325,3175,8379,35
NULL,NULL,1/28/2021 23:46,3/31/2022 5:09,4/27/2021 0:00,NULL,4/18/2021 3:00,3/31/2023 5:09,annual,annual,1306,2658,8391,338
1/4/2021 2:00,NULL,1/28/2021 23:44,4/2/2022 6:42,2/3/2021 0:00,5/15/2022 7:21,2/3/2021 2:00,5/2/2022 6:42,monthly,monthly,4011,391,8414,423
NULL,NULL,2/3/2021 5:28,4/2/2022 8:03,2/12/2022 0:00,NULL,2/3/2022 0:00,4/2/2023 8:03,annual,annual,143799,3261,8415,49
NULL,NULL,1/28/2021 23:44,4/5/2022 15:36,12/4/2021 0:00,NULL,11/25/2021 2:00,4/5/2023 15:36,annual,annual,1046,907,8437,122
1/11/2022 0:00,4/9/2022 19:36,3/22/2021 17:44,4/9/2022 19:34,3/22/2022 0:00,5/9/2022 19:41,3/22/2022 0:00,5/9/2022 19:34,annual,monthly,147448,3825,8482,18
6/16/2021 0:00,NULL,2/26/2021 14:20,4/12/2022 15:09,6/26/2021 0:00,5/25/2022 15:40,6/26/2021 0:00,5/12/2022 15:09,monthly,monthly,144912,3483,8507,290
11/29/2021 0:00,NULL,1/28/2021 23:44,4/13/2022 22:40,12/30/2021 0:00,10/26/2022 23:20,12/30/2021 0:00,10/13/2022 22:40,annual,monthly,7873,1230,8526,104
11/18/2021 0:00,NULL,1/28/2021 23:44,4/14/2022 11:46,11/27/2021 0:00,NULL,11/27/2021 2:00,4/14/2023 11:46,annual,annual,6862,845,8533,138
3/29/2022 0:00,NULL,1/28/2021 23:44,4/25/2022 15:40,4/14/2022 0:00,6/7/2022 16:21,4/14/2022 0:00,5/25/2022 15:40,annual,monthly,2737,234,8612,11
4/10/2022 0:00,5/24/2022 13:26,1/28/2021 23:44,5/6/2022 10:33,4/11/2022 0:00,5/25/2022 5:46,4/11/2022 0:00,5/6/2023 10:33,annual,annual,840,301,8696,25
NULL,6/7/2022 17:07,1/28/2021 23:46,5/7/2022 16:09,5/2/2022 0:00,7/7/2022 16:22,4/23/2022 0:00,7/7/2022 16:09,annual,monthly,969,2397,8703,5
NULL,NULL,4/30/2021 8:52,5/11/2022 16:12,5/9/2022 0:00,NULL,4/30/2022 0:00,5/11/2023 16:12,annual,annual,151694,4149,8731,2
4/28/2021 0:00,6/9/2022 20:48,1/28/2021 23:44,5/12/2022 21:58,5/28/2021 0:00,6/12/2022 22:01,5/28/2021 3:00,6/12/2022 21:58,annual,monthly,15743,1969,8743,349
7/16/2021 0:00,7/6/2022 9:58,5/26/2021 16:06,5/17/2022 6:59,7/26/2021 0:00,7/17/2022 7:00,7/26/2021 0:00,7/17/2022 6:59,monthly,monthly,156057,4331,8774,295
3/27/2022 0:00,NULL,4/11/2021 15:46,5/22/2022 16:24,4/11/2022 0:00,NULL,4/11/2022 0:00,5/22/2023 16:24,annual,annual,148825,4018,8825,41
3/23/2021 0:00,NULL,3/23/2021 6:45,5/24/2022 7:09,3/23/2022 0:00,NULL,3/23/2022 0:00,5/24/2023 7:09,annual,annual,145813,3837,8841,62
1/31/2021 0:00,1/14/2023 21:42,1/28/2021 23:44,5/26/2022 21:57,2/28/2021 0:00,5/26/2023 21:57,2/28/2021 2:00,5/26/2023 21:57,monthly,annual,9808,1107,8873,452
8/24/2021 0:00,NULL,1/28/2021 23:44,5/26/2022 22:08,9/24/2021 0:00,NULL,9/24/2021 3:00,5/26/2023 22:08,annual,annual,1468,1310,8874,244
1/4/2022 0:00,5/27/2022 18:09,1/28/2021 23:44,5/27/2022 18:06,1/4/2022 0:00,5/27/2023 18:06,1/4/2023 0:00,5/27/2023 18:06,annual,annual,1909,386,8886,143
5/4/2021 0:00,NULL,1/28/2021 23:44,5/29/2022 11:00,5/13/2021 0:00,NULL,6/4/2021 0:00,5/29/2023 11:00,monthly,annual,618,382,8904,381
NULL,NULL,4/19/2021 2:17,5/29/2022 21:26,4/28/2022 0:00,NULL,4/19/2022 0:00,5/29/2023 21:26,annual,annual,149849,4069,8920,31
5/23/2022 0:00,NULL,1/28/2021 23:46,5/30/2022 2:09,5/25/2022 0:00,NULL,5/25/2022 0:00,5/30/2023 2:09,annual,annual,1480,3160,8928,5
NULL,NULL,3/13/2021 9:58,6/1/2022 3:05,5/17/2021 0:00,NULL,5/13/2021 0:00,6/1/2023 3:05,monthly,annual,1159,3631,9033,380
8/2/2021 0:00,NULL,1/28/2021 23:44,6/1/2022 5:49,11/28/2021 0:00,NULL,11/28/2021 2:00,6/1/2023 5:49,annual,annual,2881,815,9054,185
NULL,7/20/2022 5:39,5/11/2021 14:32,6/6/2022 16:19,5/15/2022 0:00,8/6/2022 16:21,5/11/2022 0:00,8/6/2022 16:19,annual,monthly,153103,4226,9102,22
3/23/2021 0:00,NULL,3/23/2021 15:05,6/7/2022 2:18,3/23/2022 0:00,NULL,3/23/2022 0:00,6/7/2023 2:18,annual,annual,2055,3847,9105,76
6/3/2021 0:00,8/8/2022 17:26,5/5/2021 23:38,6/17/2022 16:34,6/5/2021 0:00,8/17/2022 16:40,6/5/2021 0:00,8/17/2022 16:34,monthly,monthly,152611,4192,9186,377
1/26/2021 2:00,6/24/2022 17:05,1/28/2021 23:44,6/23/2022 3:12,2/26/2021 0:00,7/23/2022 3:20,2/26/2021 2:00,7/23/2022 3:12,monthly,monthly,1151,15,9237,482
4/16/2021 0:00,NULL,1/28/2021 23:44,6/26/2022 14:57,12/2/2021 0:00,NULL,12/2/2021 2:00,6/26/2023 14:57,annual,annual,6971,628,9254,206
4/22/2021 0:00,NULL,1/28/2021 23:46,6/26/2022 22:38,4/22/2021 0:00,NULL,4/22/2021 3:00,6/26/2023 22:38,annual,annual,2084,2435,9262,430
NULL,NULL,1/28/2021 23:44,6/27/2022 7:42,4/30/2022 0:00,NULL,4/21/2022 0:00,6/27/2023 7:42,annual,annual,1802,97,9265,58
5/24/2022 0:00,NULL,5/26/2021 0:37,6/27/2022 12:36,5/26/2022 0:00,NULL,5/26/2022 0:00,6/27/2023 12:36,annual,annual,25308,4326,9268,32
NULL,NULL,1/28/2021 23:46,6/27/2022 15:44,4/27/2022 0:00,NULL,4/18/2022 0:00,6/27/2023 15:44,annual,annual,2146,2664,9272,61
NULL,NULL,1/28/2021 23:46,6/27/2022 19:42,2/15/2021 0:00,NULL,2/5/2021 2:00,6/27/2023 19:42,annual,annual,6899,3183,9279,497
NULL,NULL,1/28/2021 23:46,6/27/2022 20:11,4/23/2022 0:00,NULL,4/14/2022 0:00,6/27/2023 20:11,annual,annual,998,2911,9280,65
6/1/2022 0:00,NULL,6/1/2021 19:02,6/28/2022 8:44,6/3/2022 0:00,NULL,6/1/2023 0:00,6/28/2023 8:44,annual,annual,156607,4501,9286,25
1/21/2022 0:00,NULL,1/28/2021 23:44,6/28/2022 16:46,2/26/2022 0:00,NULL,2/26/2022 0:00,6/28/2023 16:46,annual,annual,3824,868,9292,122
NULL,NULL,6/3/2021 11:30,6/28/2022 18:04,6/12/2022 0:00,NULL,6/3/2022 0:00,6/28/2023 18:04,annual,annual,19545,4554,9293,16
NULL,NULL,1/28/2021 23:44,6/28/2022 20:26,2/22/2021 0:00,NULL,2/18/2021 0:00,6/28/2023 20:26,annual,annual,8641,974,9295,491
4/22/2021 0:00,NULL,1/28/2021 23:46,6/29/2022 1:02,4/24/2021 0:00,NULL,4/24/2021 3:00,6/29/2023 1:02,annual,annual,2723,2327,9298,431
NULL,NULL,1/28/2021 23:46,6/29/2022 3:24,4/26/2022 0:00,NULL,4/17/2022 0:00,6/29/2023 3:24,annual,annual,3086,2744,9300,64
NULL,NULL,1/28/2021 23:46,6/29/2022 5:18,5/7/2022 0:00,NULL,4/28/2022 0:00,6/29/2023 5:18,annual,annual,11249,2118,9301,53
NULL,NULL,6/8/2021 2:53,6/29/2022 8:58,6/17/2022 0:00,NULL,6/8/2022 0:00,6/29/2023 8:58,annual,annual,156841,4615,9303,12
7/16/2021 0:00,NULL,1/28/2021 23:46,6/29/2022 18:24,7/24/2021 0:00,NULL,7/24/2021 0:00,6/29/2023 18:24,annual,annual,12530,2310,9306,340
11/30/2020 2:00,NULL,1/28/2021 23:46,6/29/2022 19:49,4/15/2021 0:00,NULL,4/15/2021 3:00,6/29/2023 19:49,annual,annual,7107,2857,9308,440
3/15/2022 0:00,NULL,3/16/2021 12:45,6/29/2022 20:25,3/16/2022 0:00,NULL,3/16/2022 0:00,6/29/2023 20:25,annual,annual,1002,3667,9309,105
6/16/2021 0:00,NULL,6/2/2021 14:21,6/30/2022 6:43,6/30/2021 0:00,NULL,9/2/2022 0:00,6/30/2023 6:43,annual,annual,156661,4517,9313,365
6/9/2021 0:00,NULL,1/28/2021 23:44,6/30/2022 7:27,7/9/2021 0:00,NULL,7/9/2021 3:00,6/30/2023 7:27,annual,annual,4078,1728,9314,356
NULL,NULL,3/19/2021 7:09,6/30/2022 8:08,3/28/2022 0:00,NULL,3/19/2022 0:00,6/30/2023 8:08,annual,annual,11209,3793,9316,94
8/5/2021 0:00,NULL,1/28/2021 23:44,6/30/2022 9:50,8/9/2021 0:00,NULL,8/9/2021 3:00,6/30/2023 9:50,annual,annual,11808,1546,9317,325
6/30/2021 0:00,NULL,1/28/2021 23:44,6/30/2022 11:23,7/30/2021 0:00,NULL,7/30/2021 3:00,6/30/2023 11:23,annual,annual,17358,1573,9318,335
6/2/2021 0:00,NULL,6/2/2021 20:19,6/30/2022 12:46,6/2/2022 0:00,NULL,6/2/2022 0:00,6/30/2023 12:46,annual,annual,156608,4535,9319,28
4/1/2021 0:00,NULL,2/1/2021 3:23,6/30/2022 13:41,5/1/2021 0:00,NULL,5/1/2021 0:00,6/30/2023 13:41,monthly,annual,143615,3235,9320,425
3/29/2022 0:00,NULL,4/13/2021 14:49,6/30/2022 18:37,4/13/2022 0:00,NULL,4/13/2022 0:00,6/30/2023 18:37,annual,annual,149023,4034,9323,78
NULL,NULL,1/28/2021 23:44,6/30/2022 20:05,6/13/2021 0:00,NULL,6/4/2021 3:00,6/30/2023 20:05,annual,annual,15708,1945,9325,382
6/15/2021 0:00,NULL,1/28/2021 23:44,7/1/2022 1:29,7/9/2021 0:00,NULL,7/9/2021 3:00,7/1/2023 1:29,annual,annual,5652,1726,9327,357
9/18/2021 0:00,NULL,1/28/2021 23:44,7/3/2022 4:45,9/25/2021 0:00,NULL,9/25/2021 3:00,7/3/2023 4:45,annual,annual,2188,1271,9344,281
6/9/2022 0:00,NULL,3/12/2021 7:43,7/13/2022 7:25,6/12/2022 0:00,NULL,6/12/2022 0:00,7/13/2023 7:25,annual,annual,146552,3623,9418,31
NULL,NULL,3/11/2021 17:16,7/18/2022 19:38,3/18/2022 0:00,NULL,3/11/2023 0:00,7/18/2023 19:38,annual,annual,146514,3615,9462,122
7/8/2022 0:00,NULL,1/28/2021 23:44,7/20/2022 10:23,7/10/2022 0:00,NULL,7/10/2022 0:00,7/20/2023 10:23,annual,annual,768,1683,9486,10
NULL,NULL,5/31/2021 11:47,7/21/2022 16:02,6/9/2022 0:00,NULL,5/31/2022 0:00,7/21/2023 16:02,annual,annual,25047,4452,9504,42
NULL,NULL,1/28/2021 23:44,7/21/2022 21:27,12/6/2021 0:00,NULL,11/27/2021 2:00,7/21/2023 21:27,annual,annual,7488,852,9508,227
9/30/2021 0:00,NULL,5/30/2021 20:08,7/27/2022 3:16,9/30/2021 0:00,NULL,9/30/2021 0:00,7/27/2023 3:16,monthly,annual,156406,4421,9627,300
12/20/2021 0:00,NULL,6/1/2021 12:29,7/28/2022 3:52,1/1/2022 0:00,8/24/2022 12:03,1/1/2022 0:00,7/28/2023 3:52,monthly,annual,155845,4493,9659,208
4/23/2021 0:00,10/31/2022 7:47,3/24/2021 16:07,8/1/2022 4:10,4/24/2021 0:00,11/1/2022 4:20,4/24/2021 0:00,10/1/2022 4:10,monthly,monthly,6239,3865,9719,464
NULL,NULL,6/3/2021 18:10,8/1/2022 15:30,6/12/2022 0:00,NULL,6/3/2022 0:00,8/1/2023 15:30,annual,annual,156753,4568,9725,50
NULL,NULL,5/18/2021 8:48,8/14/2022 11:53,5/27/2022 0:00,NULL,5/18/2022 0:00,8/14/2023 11:53,annual,annual,153987,4270,9823,79
NULL,NULL,5/29/2021 8:28,8/18/2022 15:44,6/7/2022 0:00,9/28/2022 9:57,5/29/2022 0:00,9/18/2022 15:44,annual,monthly,17780,4386,9841,72
NULL,NULL,1/28/2021 23:46,8/22/2022 14:57,4/26/2021 0:00,NULL,4/17/2021 3:00,8/22/2023 14:57,annual,annual,9061,2738,9881,483
NULL,NULL,1/28/2021 23:46,8/22/2022 16:33,4/23/2022 0:00,NULL,4/16/2022 0:00,8/22/2023 16:33,annual,annual,1482,2813,9884,121
8/1/2021 0:00,NULL,1/28/2021 23:44,8/29/2022 15:42,8/12/2021 0:00,NULL,8/12/2021 0:00,8/29/2023 15:42,monthly,annual,3148,1910,9934,382
NULL,NULL,7/8/2021 17:28,8/29/2022 18:55,7/17/2022 0:00,NULL,7/8/2022 0:00,8/29/2023 18:55,annual,annual,159772,4793,9940,43
1/3/2022 0:00,NULL,1/28/2021 23:44,8/29/2022 20:31,4/11/2022 0:00,NULL,4/11/2022 0:00,8/29/2023 20:31,annual,annual,2136,302,9942,140
2/1/2021 0:00,NULL,1/28/2021 23:46,8/30/2022 0:08,4/14/2021 0:00,NULL,4/14/2021 3:00,8/30/2023 0:08,annual,annual,2684,2899,9943,503
NULL,NULL,7/19/2021 16:50,8/30/2022 18:17,7/28/2022 0:00,NULL,7/19/2022 0:00,8/30/2023 18:17,annual,annual,161122,4869,9949,33
11/21/2021 0:00,NULL,3/18/2021 15:00,8/30/2022 20:18,3/18/2022 0:00,NULL,3/18/2022 0:00,8/30/2023 20:18,annual,annual,145230,3748,9954,165
NULL,NULL,1/28/2021 23:46,8/30/2022 21:09,4/25/2022 0:00,NULL,4/16/2022 0:00,8/30/2023 21:09,annual,annual,11327,2759,9955,127
NULL,NULL,2/11/2021 6:44,8/31/2022 2:59,3/15/2021 0:00,NULL,3/11/2021 0:00,8/31/2023 2:59,monthly,annual,63294,3335,9960,534
NULL,NULL,1/28/2021 23:44,8/31/2022 4:14,8/5/2021 0:00,NULL,7/27/2021 3:00,8/31/2023 4:14,annual,annual,4723,1586,9962,391
NULL,NULL,1/28/2021 23:44,8/31/2022 4:53,12/24/2021 0:00,NULL,12/24/2021 0:00,8/31/2023 4:53,annual,annual,1702,1290,9963,250
NULL,NULL,7/20/2021 20:05,8/31/2022 6:17,7/29/2022 0:00,NULL,7/20/2022 0:00,8/31/2023 6:17,annual,annual,161201,4884,9964,33
NULL,NULL,1/28/2021 23:44,8/31/2022 8:10,10/10/2021 0:00,NULL,10/1/2021 3:00,8/31/2023 8:10,annual,annual,5782,1218,9965,325
NULL,NULL,6/4/2021 2:10,8/31/2022 10:53,6/13/2022 0:00,NULL,6/4/2022 0:00,8/31/2023 10:53,annual,annual,59138,4581,9966,79
NULL,NULL,5/28/2021 9:41,8/31/2022 13:26,6/6/2022 0:00,NULL,5/28/2022 0:00,8/31/2023 13:26,annual,annual,156038,4361,9969,86
3/30/2022 0:00,NULL,1/28/2021 23:46,8/31/2022 14:03,4/5/2022 0:00,NULL,4/5/2022 0:00,8/31/2023 14:03,annual,annual,111643,3062,9970,148
NULL,NULL,3/30/2021 4:58,8/31/2022 15:26,4/8/2022 0:00,NULL,3/30/2022 0:00,8/31/2023 15:26,annual,annual,147666,3921,9973,145
3/27/2022 0:00,NULL,1/28/2021 23:46,8/31/2022 15:27,4/6/2022 0:00,NULL,4/6/2022 0:00,8/31/2023 15:27,annual,annual,4833,3061,9974,147
8/22/2021 0:00,NULL,1/28/2021 23:44,8/31/2022 15:27,9/17/2021 0:00,NULL,9/17/2021 3:00,8/31/2023 15:27,annual,annual,9169,1408,9975,348
NULL,NULL,1/28/2021 23:46,8/31/2022 16:23,5/7/2021 0:00,NULL,4/28/2021 3:00,8/31/2023 16:23,annual,annual,13501,2128,9977,481
NULL,NULL,4/16/2021 8:19,8/31/2022 18:07,7/25/2022 0:00,NULL,7/16/2022 0:00,8/31/2023 18:07,annual,annual,7179,4051,9979,37
8/16/2021 0:00,NULL,1/28/2021 23:44,8/31/2022 19:41,9/16/2021 0:00,NULL,9/16/2021 3:00,8/31/2023 19:41,annual,annual,7127,1415,9981,349
NULL,NULL,6/4/2021 6:57,8/31/2022 19:48,6/13/2022 0:00,NULL,6/4/2022 0:00,8/31/2023 19:48,annual,annual,30594,4587,9982,79
NULL,NULL,1/28/2021 23:46,9/6/2022 5:54,4/29/2022 0:00,NULL,4/20/2022 0:00,9/6/2023 5:54,annual,annual,1864,2578,10018,130
NULL,NULL,7/23/2021 13:52,9/6/2022 20:21,8/1/2022 0:00,NULL,7/23/2022 0:00,9/6/2023 20:21,annual,annual,161346,4923,10026,36
8/30/2021 0:00,NULL,6/18/2021 18:45,9/8/2022 11:38,9/18/2021 0:00,NULL,9/18/2021 0:00,2/8/2023 11:38,monthly,monthly,157722,4673,10041,355
NULL,NULL,7/25/2021 14:26,9/11/2022 10:21,8/3/2022 0:00,NULL,7/25/2022 0:00,9/11/2023 10:21,annual,annual,43604,4959,10062,39
3/16/2021 0:00,NULL,1/28/2021 23:44,9/20/2022 14:52,4/16/2021 0:00,NULL,4/16/2021 0:00,9/20/2023 14:52,monthly,annual,4167,1416,10136,522
NULL,NULL,1/28/2021 23:44,9/20/2022 16:12,7/8/2022 0:00,NULL,7/6/2022 0:00,9/20/2023 16:12,annual,annual,6359,1782,10140,74
NULL,NULL,7/27/2021 21:13,9/23/2022 21:49,8/5/2022 0:00,NULL,7/27/2022 0:00,9/23/2023 21:49,annual,annual,161640,5014,10199,49
NULL,NULL,1/28/2021 23:44,9/29/2022 12:08,12/4/2021 0:00,NULL,11/25/2021 2:00,9/29/2023 12:08,annual,annual,872,884,10299,299
NULL,11/18/2022 13:56,1/28/2021 23:44,10/5/2022 13:32,2/4/2021 0:00,12/5/2022 13:41,1/31/2021 2:00,12/5/2022 13:32,monthly,monthly,4439,419,10391,608
NULL,1/3/2023 16:28,2/20/2021 11:13,10/15/2022 14:41,5/24/2022 0:00,1/15/2023 15:01,5/20/2022 0:00,1/15/2023 14:41,monthly,monthly,145185,3418,10476,144
6/2/2021 0:00,10/18/2022 15:44,6/2/2021 18:01,10/17/2022 19:28,6/2/2022 0:00,10/19/2022 7:05,6/2/2022 0:00,10/17/2023 19:28,annual,annual,147305,4527,10488,137
NULL,NULL,7/4/2021 7:13,10/19/2022 16:23,10/13/2022 0:00,NULL,10/4/2022 0:00,10/19/2023 16:23,annual,annual,159105,4757,10507,6
NULL,NULL,1/28/2021 23:44,10/20/2022 2:55,9/30/2022 0:00,NULL,9/21/2022 0:00,10/20/2023 2:55,annual,annual,7752,1353,10513,20
3/18/2022 0:00,NULL,3/19/2021 5:42,10/20/2022 5:31,3/19/2022 0:00,NULL,3/19/2022 0:00,10/20/2023 5:31,annual,annual,147178,3790,10514,215
NULL,NULL,1/28/2021 23:46,10/20/2022 8:36,5/1/2022 0:00,NULL,4/23/2022 0:00,10/20/2023 8:36,annual,annual,1382,2345,10517,172
2/15/2021 0:00,NULL,1/28/2021 23:44,10/20/2022 9:22,3/10/2021 0:00,NULL,3/10/2021 0:00,10/20/2023 9:22,monthly,annual,9377,1159,10519,589
NULL,NULL,1/28/2021 23:44,10/20/2022 11:14,7/18/2022 0:00,NULL,7/18/2023 0:00,10/20/2023 11:14,annual,annual,18678,1603,10523,94
2/6/2021 0:00,NULL,1/28/2021 23:44,10/20/2022 12:29,2/15/2021 0:00,NULL,2/15/2021 2:00,10/20/2023 12:29,monthly,annual,5470,534,10524,612
NULL,NULL,1/28/2021 23:44,10/20/2022 15:23,12/6/2021 0:00,NULL,11/27/2021 2:00,10/20/2023 15:23,annual,annual,143012,837,10526,318
4/5/2021 0:00,NULL,1/28/2021 23:46,10/20/2022 17:51,4/29/2021 0:00,NULL,4/29/2021 3:00,10/20/2023 17:51,annual,annual,17823,2085,10530,539
4/6/2021 0:00,NULL,1/28/2021 23:46,10/21/2022 2:25,4/18/2021 0:00,NULL,4/18/2021 3:00,10/21/2023 2:25,annual,annual,3426,2668,10535,551
NULL,NULL,1/28/2021 23:44,10/21/2022 2:57,1/19/2022 0:00,NULL,1/19/2023 0:00,10/21/2023 2:57,annual,annual,2104,139,10536,275
2/18/2022 0:00,NULL,6/4/2021 1:37,10/21/2022 11:05,9/4/2022 0:00,NULL,9/4/2022 0:00,10/21/2023 11:05,annual,annual,156776,4579,10539,47
NULL,NULL,1/28/2021 23:44,10/21/2022 12:18,7/31/2021 0:00,NULL,7/17/2021 3:00,10/21/2023 12:18,annual,annual,18531,1604,10540,447
NULL,NULL,1/28/2021 23:46,10/21/2022 15:19,4/29/2021 0:00,NULL,4/20/2021 3:00,10/21/2023 15:19,annual,annual,14491,2589,10541,540
9/17/2021 0:00,NULL,1/28/2021 23:44,10/21/2022 16:12,9/24/2021 0:00,NULL,9/24/2021 3:00,10/21/2023 16:12,annual,annual,8758,1308,10542,392
NULL,NULL,1/28/2021 23:46,10/21/2022 17:50,5/5/2021 0:00,NULL,4/26/2021 3:00,10/21/2023 17:50,annual,annual,31660,2220,10544,534
4/7/2021 0:00,NULL,1/28/2021 23:46,10/22/2022 2:14,5/7/2021 0:00,NULL,5/7/2021 3:00,10/22/2023 2:14,annual,annual,17174,2042,10547,533
7/23/2022 0:00,NULL,6/18/2021 14:57,10/25/2022 17:28,9/18/2022 0:00,NULL,9/18/2022 0:00,10/25/2023 17:28,annual,annual,130021,4669,10573,37
NULL,11/1/2022 19:31,1/28/2021 23:44,10/25/2022 18:48,11/23/2021 0:00,11/2/2022 8:07,11/14/2021 2:00,11/25/2022 18:48,annual,monthly,4013,1003,10575,336
3/15/2021 0:00,NULL,1/28/2021 23:46,10/26/2022 17:39,4/15/2021 0:00,NULL,4/15/2021 3:00,10/26/2023 17:39,annual,annual,23287,2893,10583,559
NULL,12/29/2022 18:33,7/27/2021 16:42,10/28/2022 21:17,8/5/2022 0:00,1/28/2023 21:17,7/27/2022 0:00,1/28/2023 21:17,annual,monthly,161626,5010,10598,84
8/24/2021 0:00,NULL,1/28/2021 23:44,10/29/2022 5:40,9/24/2021 0:00,NULL,9/24/2021 3:00,11/22/2023 5:12,annual,annual,1374,1289,10602,400
NULL,NULL,5/31/2021 13:59,10/29/2022 14:43,6/9/2022 0:00,NULL,5/31/2022 0:00,10/29/2023 14:43,annual,annual,139185,4463,10605,142
9/12/2021 0:00,10/3/2021 0:00,9/12/2021 15:27,9/25/2021 13:23,9/15/2021 0:00,10/25/2021 0:00,9/12/2022 0:00,10/25/2021 0:00,annual,monthly,169259,5398,5490,10
9/25/2021 0:00,10/30/2021 0:00,8/26/2021 6:40,9/29/2021 5:59,9/26/2021 0:00,10/29/2021 0:00,9/26/2021 0:00,10/29/2021 0:00,monthly,monthly,165801,5248,5571,3
NULL,NULL,8/20/2021 5:18,10/4/2021 17:23,9/25/2021 0:00,11/8/2021 0:00,9/20/2021 0:00,11/4/2021 0:00,annual,monthly,160122,5192,5614,9
NULL,NULL,10/14/2021 8:43,11/22/2021 15:01,11/12/2021 0:00,11/23/2022 0:00,10/14/2022 0:00,11/22/2022 0:00,annual,annual,171405,5694,5819,10
11/22/2021 0:00,9/24/2022 0:00,11/7/2021 17:27,11/24/2021 2:52,11/22/2021 0:00,11/24/2022 0:00,11/7/2022 0:00,11/24/2022 0:00,annual,annual,240444,5752,5989,2
9/20/2021 0:00,12/3/2022 0:00,8/16/2021 21:50,12/3/2021 13:02,10/16/2021 0:00,12/5/2022 0:00,10/16/2021 0:00,12/3/2023 0:00,monthly,annual,163884,5153,7028,48
NULL,NULL,11/25/2021 19:19,1/5/2022 14:23,12/29/2021 0:00,4/9/2022 0:00,12/25/2021 0:00,4/5/2022 0:00,monthly,monthly,238987,6123,7272,7
NULL,NULL,8/19/2021 7:04,1/7/2022 12:24,12/23/2021 0:00,2/11/2022 0:00,12/19/2021 0:00,2/7/2022 0:00,monthly,monthly,164356,5178,7283,15
12/24/2021 0:00,3/11/2022 0:00,11/24/2021 12:28,1/12/2022 7:52,12/24/2021 0:00,3/12/2022 0:00,12/24/2021 0:00,3/12/2022 0:00,monthly,monthly,240553,6015,7332,19
NULL,2/14/2022 0:00,1/2/2022 1:17,1/27/2022 18:33,1/6/2022 0:00,1/27/2023 0:00,1/2/2023 0:00,1/27/2023 0:00,annual,annual,258913,7245,7633,21
NULL,NULL,12/16/2021 8:44,1/28/2022 19:24,1/20/2022 0:00,3/4/2022 0:00,1/16/2022 0:00,2/28/2022 0:00,monthly,monthly,248535,7114,7697,8
1/10/2022 0:00,2/12/2022 13:53,1/10/2022 2:07,2/12/2022 13:51,2/10/2022 0:00,3/12/2022 14:01,2/10/2022 0:00,3/12/2022 13:51,monthly,monthly,259865,7307,7817,2
11/27/2021 0:00,NULL,11/27/2021 9:38,2/14/2022 19:12,11/29/2021 0:00,NULL,11/27/2022 0:00,2/14/2023 19:12,annual,annual,254541,6278,7839,77
11/22/2021 0:00,NULL,10/16/2021 11:50,2/16/2022 16:30,12/16/2021 0:00,NULL,12/16/2021 0:00,2/16/2023 16:30,monthly,annual,172427,5715,7867,62
2/13/2022 0:00,NULL,1/14/2022 18:23,2/16/2022 17:42,2/14/2022 0:00,NULL,2/14/2022 0:00,2/16/2023 17:42,monthly,annual,213109,7364,7869,2
NULL,NULL,12/6/2021 11:13,2/17/2022 7:29,2/10/2022 0:00,NULL,2/6/2022 0:00,2/17/2023 7:29,monthly,annual,255534,7045,7884,7
NULL,NULL,11/22/2021 16:02,2/17/2022 12:13,12/26/2021 0:00,NULL,12/22/2021 0:00,2/17/2023 12:13,monthly,annual,218237,5840,7892,53
NULL,NULL,9/30/2021 19:21,3/5/2022 14:24,12/4/2021 0:00,4/18/2022 15:00,11/30/2021 0:00,4/5/2022 14:24,monthly,monthly,6026,5594,8028,91
NULL,NULL,9/3/2021 10:58,3/15/2022 12:04,2/7/2022 0:00,NULL,2/3/2022 0:00,2/15/2023 12:04,monthly,monthly,160960,5352,8118,36
NULL,6/12/2022 21:32,1/1/2022 15:04,3/18/2022 14:44,2/5/2022 0:00,6/18/2022 15:01,2/1/2022 0:00,4/18/2022 14:44,monthly,monthly,33495,7238,8149,41
3/15/2022 8:39,NULL,2/19/2022 15:06,3/28/2022 7:30,3/19/2022 15:21,NULL,3/19/2022 15:06,3/28/2023 7:30,monthly,annual,258930,7909,8265,9
2/25/2022 0:00,NULL,12/26/2021 15:21,3/29/2022 10:18,2/26/2022 0:00,5/12/2022 10:41,2/26/2022 0:00,4/29/2022 10:18,monthly,monthly,257898,7183,8285,31
NULL,NULL,1/15/2022 11:33,3/29/2022 12:59,3/19/2022 0:00,NULL,3/15/2022 0:00,3/29/2023 12:59,monthly,annual,260356,7370,8288,10
3/10/2022 1:07,NULL,2/10/2022 16:47,3/30/2022 16:34,3/10/2022 17:01,NULL,3/10/2022 16:47,3/30/2023 16:34,monthly,annual,262580,7808,8336,20
3/21/2022 0:00,NULL,1/27/2022 22:20,3/30/2022 17:03,3/27/2022 0:00,NULL,3/27/2022 0:00,3/30/2023 17:03,monthly,annual,258782,7648,8339,3
1/31/2022 0:00,6/6/2022 20:00,11/30/2021 9:43,4/8/2022 14:33,1/30/2022 0:00,6/8/2022 14:40,1/30/2022 0:00,5/8/2022 14:33,monthly,monthly,247713,6821,8469,68
NULL,NULL,2/19/2022 6:37,4/16/2022 8:27,4/8/2022 13:14,5/31/2022 9:22,3/19/2022 6:37,5/16/2022 8:27,monthly,monthly,236797,7907,8548,8
NULL,NULL,2/25/2022 9:02,4/19/2022 3:09,4/8/2022 13:16,7/2/2022 3:41,3/25/2022 9:02,5/19/2022 3:09,monthly,monthly,255827,7960,8569,11
4/2/2022 23:17,5/11/2022 5:34,3/4/2022 19:02,4/22/2022 3:12,4/4/2022 19:21,5/22/2022 3:20,4/4/2022 19:02,5/22/2022 3:12,monthly,monthly,205950,8023,8595,18
4/13/2022 14:35,5/11/2022 2:33,4/6/2022 15:25,5/9/2022 3:29,5/6/2022 15:41,6/9/2022 3:40,5/6/2022 15:25,6/9/2022 3:29,monthly,monthly,269843,8443,8715,3
NULL,NULL,1/27/2022 23:52,5/21/2022 19:44,2/21/2022 0:00,7/4/2022 20:21,1/27/2023 0:00,6/21/2022 19:44,annual,monthly,261788,7656,8821,89
NULL,NULL,3/26/2022 5:39,5/27/2022 6:22,4/26/2022 12:37,NULL,3/26/2023 5:39,5/27/2023 6:22,annual,annual,213528,8243,8877,31
5/24/2022 16:30,NULL,5/6/2022 16:45,5/28/2022 19:17,5/26/2022 14:05,NULL,5/6/2023 16:45,5/28/2023 19:17,annual,annual,263309,8698,8897,2
NULL,NULL,5/14/2022 13:43,5/30/2022 3:11,5/23/2022 6:43,NULL,5/14/2023 13:43,5/30/2023 3:11,annual,annual,273936,8751,8930,7
3/2/2022 7:42,NULL,2/13/2022 16:08,6/2/2022 10:10,3/13/2022 16:21,NULL,3/13/2022 16:08,2/2/2023 10:10,monthly,monthly,161693,7824,9065,81
NULL,NULL,2/24/2022 19:20,6/8/2022 19:45,6/6/2022 20:01,9/9/2022 11:20,3/24/2022 19:20,10/8/2022 19:45,monthly,monthly,182962,7956,9122,2
NULL,7/12/2022 14:14,2/24/2022 9:28,6/17/2022 16:14,5/7/2022 10:01,7/17/2022 16:21,3/24/2022 9:28,7/17/2022 16:14,monthly,monthly,144397,7952,9185,41
4/18/2022 18:27,10/19/2022 9:52,3/24/2022 12:56,6/22/2022 16:14,4/24/2022 13:01,10/22/2022 16:21,4/24/2022 12:56,10/22/2022 16:14,monthly,monthly,268113,8212,9232,59
NULL,NULL,1/24/2022 2:41,6/26/2022 13:15,1/25/2022 0:00,NULL,4/24/2023 0:00,6/26/2023 13:15,annual,annual,261393,7512,9253,152
NULL,NULL,4/18/2022 13:08,6/26/2022 16:10,4/28/2022 14:36,NULL,4/18/2023 13:08,6/26/2023 16:10,annual,annual,271169,8565,9256,59
12/11/2021 0:00,NULL,11/28/2021 11:13,6/27/2022 7:13,12/22/2021 0:00,NULL,11/28/2022 0:00,6/27/2023 7:13,annual,annual,239932,6390,9264,187
NULL,NULL,4/10/2022 5:12,6/27/2022 8:21,5/23/2022 5:40,8/9/2022 9:00,5/10/2022 5:12,7/27/2022 8:21,monthly,monthly,270179,8487,9266,35
NULL,1/3/2023 18:54,3/9/2022 23:11,6/27/2022 21:18,6/22/2022 23:40,1/27/2023 21:18,4/9/2022 23:11,1/27/2023 21:18,monthly,monthly,266366,8067,9282,5
4/13/2022 0:00,NULL,9/25/2021 13:21,6/29/2022 13:24,4/25/2022 0:00,NULL,4/25/2022 0:00,6/29/2023 13:24,monthly,annual,171248,5489,9304,65
1/18/2022 0:00,NULL,8/6/2021 20:04,7/1/2022 19:36,2/6/2022 0:00,11/14/2022 20:01,2/6/2022 0:00,11/1/2022 19:36,monthly,monthly,162320,5108,9332,145
NULL,10/2/2022 17:37,1/25/2022 17:08,7/31/2022 17:52,3/1/2022 0:00,10/30/2022 18:01,2/25/2022 0:00,10/30/2022 17:52,monthly,monthly,177810,7551,9716,152
5/25/2022 1:13,9/23/2022 4:09,5/24/2022 16:04,8/7/2022 22:54,5/25/2022 5:47,10/7/2022 23:01,6/24/2022 16:04,10/7/2022 22:54,monthly,monthly,274781,8843,9772,74
2/24/2022 0:00,NULL,12/1/2021 10:29,8/11/2022 10:37,3/1/2022 0:00,9/24/2022 11:00,3/1/2022 0:00,9/11/2022 10:37,monthly,monthly,239031,6884,9803,163
3/21/2022 0:00,8/31/2022 5:16,1/20/2022 19:03,8/17/2022 0:38,4/20/2022 0:00,9/17/2022 0:40,4/20/2022 0:00,9/17/2022 0:38,monthly,monthly,261073,7452,9833,119
12/8/2021 0:00,NULL,11/23/2021 23:00,8/30/2022 19:59,12/9/2021 0:00,9/5/2022 11:39,11/23/2022 0:00,8/30/2023 19:59,annual,annual,253904,5980,9952,264
NULL,10/26/2022 8:20,7/13/2022 9:46,9/6/2022 14:47,8/26/2022 10:20,11/6/2022 15:01,8/13/2022 9:46,10/6/2022 14:47,monthly,monthly,279404,9419,10023,11
NULL,NULL,7/16/2022 19:56,9/7/2022 15:21,8/9/2022 10:59,NULL,7/16/2023 19:56,9/7/2023 15:21,annual,annual,280932,9444,10031,29
NULL,NULL,4/8/2022 19:36,9/8/2022 21:14,8/21/2022 20:00,NULL,5/8/2022 19:36,2/8/2023 21:14,monthly,monthly,1436,8475,10045,18
NULL,NULL,6/14/2022 15:18,9/10/2022 10:57,7/27/2022 15:41,10/23/2022 11:20,7/14/2022 15:18,10/10/2022 10:57,monthly,monthly,217976,9157,10055,45
NULL,NULL,6/10/2022 2:08,9/10/2022 17:26,7/23/2022 2:40,NULL,7/10/2022 2:08,2/10/2023 17:26,monthly,monthly,163914,9131,10057,49
NULL,NULL,4/29/2022 12:42,9/23/2022 10:08,6/11/2022 13:20,11/5/2022 10:40,5/29/2022 12:42,10/23/2022 10:08,monthly,monthly,271465,8652,10183,104
11/22/2021 0:00,NULL,9/10/2021 18:16,9/27/2022 17:24,9/10/2022 0:00,NULL,9/10/2022 0:00,9/27/2023 17:24,annual,annual,166145,5389,10245,17
NULL,NULL,9/21/2022 16:30,9/28/2022 22:00,9/26/2022 9:10,10/4/2022 12:33,9/21/2023 16:30,9/28/2023 22:00,annual,annual,291575,10156,10282,2
9/27/2022 20:24,NULL,8/2/2022 15:50,10/7/2022 1:10,10/2/2022 16:01,NULL,10/2/2022 15:50,2/7/2023 1:10,monthly,monthly,278789,9730,10406,5
3/13/2022 0:00,NULL,12/14/2021 21:53,10/8/2022 11:56,3/14/2022 0:00,NULL,3/14/2022 0:00,2/8/2023 11:56,monthly,monthly,256539,7107,10415,208
NULL,NULL,10/11/2022 8:32,10/13/2022 7:59,10/11/2022 14:45,NULL,10/11/2023 8:32,10/13/2023 7:59,annual,annual,294227,10430,10454,2
9/30/2022 0:00,NULL,10/9/2021 21:46,10/14/2022 13:53,10/9/2022 0:00,NULL,10/9/2022 0:00,10/14/2023 13:53,annual,annual,172289,5647,10473,5
9/29/2022 16:57,10/20/2022 0:54,8/31/2022 16:52,10/19/2022 19:41,9/30/2022 17:01,10/19/2023 19:41,9/30/2022 16:52,10/19/2023 19:41,monthly,annual,184509,9978,10510,19
9/30/2022 16:51,NULL,7/2/2022 21:33,10/21/2022 17:11,10/2/2022 21:41,NULL,10/2/2022 21:33,10/21/2023 17:11,monthly,annual,279178,9341,10543,19
NULL,NULL,9/29/2021 18:25,10/22/2022 7:13,10/8/2022 0:00,NULL,9/29/2022 0:00,10/22/2023 7:13,annual,annual,171464,5578,10550,14
NULL,NULL,8/21/2022 22:17,10/26/2022 15:26,10/4/2022 22:41,12/9/2022 16:01,9/21/2022 22:17,11/26/2022 15:26,monthly,monthly,287436,9875,10581,22
9/30/2021 0:00,10/7/2021 0:00,9/30/2021 1:38,10/7/2021 2:04,10/1/2021 0:00,1/7/2023 0:00,9/30/2022 0:00,1/7/2023 0:00,annual,annual,161580,5586,5632,6
NULL,NULL,8/5/2021 9:55,10/15/2021 9:58,10/9/2021 0:00,1/19/2022 0:00,10/5/2021 0:00,1/15/2022 0:00,annual,annual,162207,5096,5706,6
9/6/2021 0:00,11/7/2021 0:00,8/6/2021 18:29,11/6/2021 15:13,10/6/2021 0:00,12/6/2021 0:00,10/6/2021 0:00,12/6/2021 0:00,monthly,monthly,151556,5106,5750,31
11/24/2021 0:00,NULL,11/22/2021 20:33,11/29/2021 11:57,11/25/2021 0:00,4/1/2022 0:00,11/22/2022 0:00,3/28/2022 0:00,annual,monthly,242677,5882,6676,4
NULL,NULL,9/11/2021 12:24,12/5/2021 2:30,10/15/2021 0:00,2/9/2022 0:00,10/11/2021 0:00,2/5/2022 0:00,monthly,monthly,158724,5393,7038,51
NULL,NULL,11/11/2021 8:33,12/7/2021 8:20,12/2/2021 0:00,NULL,11/11/2022 0:00,12/7/2023 0:00,annual,annual,178111,5757,7051,5
11/11/2021 0:00,2/18/2022 0:00,9/15/2021 5:25,12/25/2021 6:47,11/15/2021 0:00,2/25/2022 0:00,11/15/2021 0:00,2/25/2022 0:00,monthly,monthly,156660,5405,7170,40
NULL,NULL,11/19/2021 17:24,1/2/2022 7:38,12/23/2021 0:00,2/6/2022 0:00,12/19/2021 0:00,2/2/2022 0:00,monthly,monthly,250078,5803,7247,10
11/22/2021 0:00,2/12/2022 0:00,11/22/2021 17:10,1/12/2022 11:45,12/22/2021 0:00,2/12/2022 0:00,12/22/2021 0:00,2/12/2022 0:00,monthly,monthly,179137,5852,7337,21
NULL,NULL,11/23/2021 12:17,1/21/2022 9:37,12/27/2021 0:00,8/25/2022 0:00,12/23/2021 0:00,8/21/2022 0:00,monthly,monthly,196538,5931,7467,25
10/27/2021 0:00,NULL,9/27/2021 13:12,1/31/2022 3:49,10/27/2021 0:00,4/1/2022 0:00,10/27/2021 0:00,3/28/2022 0:00,monthly,monthly,145313,5537,7703,96
NULL,4/28/2022 0:00,11/23/2021 12:16,1/31/2022 8:58,1/27/2022 0:00,4/28/2022 0:00,1/23/2022 0:00,4/28/2022 0:00,monthly,monthly,248305,5930,7704,4
NULL,NULL,12/13/2021 8:34,2/8/2022 12:55,1/17/2022 0:00,4/6/2022 8:13,1/13/2022 0:00,3/8/2022 12:55,monthly,monthly,198947,7096,7775,22
NULL,12/20/2022 15:43,1/28/2022 5:04,2/17/2022 5:10,2/14/2022 0:00,2/17/2023 5:10,1/28/2023 0:00,2/17/2023 5:10,annual,annual,261805,7673,7879,3
10/14/2021 0:00,NULL,9/15/2021 20:35,2/17/2022 13:21,10/15/2021 0:00,NULL,10/15/2021 0:00,2/17/2023 13:21,monthly,annual,93270,5407,7894,125
9/23/2021 0:00,NULL,8/28/2021 9:30,3/24/2022 1:56,9/28/2021 0:00,3/30/2022 6:50,9/28/2021 0:00,3/24/2023 1:56,monthly,annual,157613,5290,8203,177
NULL,4/15/2022 1:19,1/9/2022 11:06,3/27/2022 12:28,2/13/2022 0:00,NULL,2/9/2022 0:00,3/27/2023 12:28,annual,annual,259504,7301,8257,42
NULL,10/12/2022 0:54,1/21/2022 20:18,3/29/2022 20:08,2/7/2022 0:00,3/29/2023 20:08,1/21/2023 0:00,3/29/2023 20:08,annual,annual,261200,7476,8303,50
3/25/2022 8:47,4/5/2022 5:02,3/20/2022 10:12,3/30/2022 18:59,3/28/2022 14:47,4/5/2022 6:11,3/20/2023 10:12,3/30/2023 18:59,annual,annual,267089,8164,8347,2
NULL,NULL,11/24/2021 19:08,4/4/2022 22:55,12/28/2021 0:00,7/17/2022 23:21,12/24/2021 0:00,5/4/2022 22:55,monthly,monthly,225216,6048,8432,97
NULL,NULL,2/23/2022 23:10,4/21/2022 0:57,4/8/2022 13:16,6/3/2022 1:21,3/23/2022 23:10,5/21/2022 0:57,monthly,monthly,195307,7950,8587,13
NULL,NULL,2/23/2022 15:31,4/23/2022 7:49,4/8/2022 13:15,6/5/2022 8:20,3/23/2022 15:31,5/23/2022 7:49,monthly,monthly,264514,7946,8601,15
2/3/2022 0:00,6/10/2022 14:26,1/4/2022 14:20,5/10/2022 14:54,2/4/2022 0:00,6/10/2022 15:01,2/4/2022 0:00,6/10/2022 14:54,monthly,monthly,4874,7260,8726,95
3/26/2022 20:13,5/21/2022 20:47,3/3/2022 17:08,5/17/2022 5:29,4/3/2022 17:21,6/17/2022 5:40,4/3/2022 17:08,6/17/2022 5:29,monthly,monthly,265241,8016,8773,44
11/8/2021 0:00,NULL,9/12/2021 12:02,5/30/2022 7:35,11/12/2021 0:00,NULL,11/12/2021 0:00,1/30/2023 7:35,monthly,monthly,159071,5397,8934,199
10/19/2021 0:00,NULL,8/19/2021 6:19,6/7/2022 17:23,10/19/2021 0:00,7/20/2022 18:01,10/19/2021 0:00,7/7/2022 17:23,monthly,monthly,5603,5176,9109,231
4/24/2022 16:28,7/25/2022 11:21,4/10/2022 23:20,6/15/2022 3:12,5/10/2022 23:40,8/15/2022 3:21,5/10/2022 23:20,8/15/2022 3:12,monthly,monthly,270247,8494,9164,36
4/18/2022 18:49,7/9/2022 14:01,3/24/2022 17:52,6/16/2022 14:09,4/24/2022 18:01,7/16/2022 14:20,4/24/2022 17:52,7/16/2022 14:09,monthly,monthly,182728,8217,9178,53
NULL,NULL,9/28/2021 11:38,6/20/2022 3:16,10/11/2021 0:00,NULL,10/28/2021 0:00,6/20/2023 3:16,monthly,annual,171536,5561,9206,252
NULL,NULL,3/2/2022 18:29,6/27/2022 20:36,5/11/2022 15:27,8/9/2022 21:01,4/2/2022 18:29,7/27/2022 20:36,monthly,monthly,262569,8011,9281,47
12/22/2021 0:00,NULL,12/7/2021 10:46,6/28/2022 7:33,1/7/2022 0:00,NULL,1/7/2022 0:00,6/28/2023 7:33,monthly,annual,185019,7052,9285,172
NULL,NULL,1/18/2022 12:07,6/29/2022 14:22,2/22/2022 0:00,NULL,2/18/2022 0:00,6/29/2023 14:22,monthly,annual,238800,7407,9305,127
NULL,8/7/2022 8:56,9/21/2021 8:26,7/6/2022 17:15,10/15/2021 0:00,9/6/2022 17:21,9/21/2022 0:00,9/6/2022 17:15,annual,monthly,169991,5441,9364,264
6/7/2022 21:08,7/9/2022 16:35,6/7/2022 14:13,7/9/2022 16:32,7/7/2022 14:20,8/9/2022 16:41,7/7/2022 14:13,8/9/2022 16:32,monthly,monthly,190610,9108,9387,2
NULL,8/12/2022 8:42,3/26/2022 10:19,7/13/2022 4:34,6/8/2022 10:40,8/13/2022 4:40,4/26/2022 10:19,8/13/2022 4:34,monthly,monthly,182,8246,9415,35
6/7/2022 17:45,9/14/2022 17:26,2/11/2022 11:34,7/22/2022 10:06,6/11/2022 11:40,9/22/2022 10:20,6/11/2022 11:34,9/22/2022 10:06,monthly,monthly,261828,7814,9515,41
6/12/2022 9:55,NULL,5/13/2022 0:48,8/7/2022 7:08,6/13/2022 1:00,9/20/2022 7:40,6/13/2022 0:48,9/7/2022 7:08,monthly,monthly,180153,8745,9766,55
6/23/2022 12:33,NULL,6/23/2022 12:10,8/10/2022 14:22,7/23/2022 12:20,11/11/2022 10:27,7/23/2022 12:10,9/10/2022 14:22,monthly,monthly,278995,9241,9798,18
NULL,NULL,2/25/2022 21:45,8/22/2022 14:37,4/8/2022 13:17,10/5/2022 15:00,3/25/2022 21:45,9/22/2022 14:37,monthly,monthly,156614,7964,9880,136
NULL,NULL,7/7/2022 1:43,8/28/2022 10:35,8/20/2022 2:20,NULL,8/7/2022 1:43,8/28/2023 10:35,monthly,annual,280548,9367,9929,8
NULL,NULL,6/19/2022 22:12,8/30/2022 20:14,6/29/2022 6:11,NULL,6/19/2023 22:12,8/30/2023 20:14,annual,annual,269534,9205,9953,62
3/28/2022 0:00,NULL,12/1/2021 18:17,8/31/2022 19:19,4/1/2022 0:00,NULL,4/1/2022 0:00,8/31/2023 19:19,monthly,annual,225283,6920,9980,152
7/12/2022 15:37,NULL,4/16/2022 3:44,9/1/2022 20:11,7/16/2022 4:00,NULL,7/16/2022 3:44,9/1/2023 20:11,monthly,annual,269130,8546,9993,47
4/6/2022 18:45,10/20/2022 17:48,2/15/2022 16:26,9/15/2022 22:01,4/15/2022 16:41,11/15/2022 22:21,3/15/2022 16:26,11/15/2022 22:01,monthly,monthly,263783,7855,10093,153
NULL,NULL,9/24/2021 19:21,10/5/2022 12:14,10/3/2022 0:00,NULL,9/24/2022 0:00,10/5/2023 12:14,annual,annual,167554,5481,10390,2
NULL,NULL,9/28/2021 5:57,10/9/2022 7:45,10/7/2022 0:00,NULL,9/28/2022 0:00,10/9/2023 7:45,annual,annual,143709,5557,10417,2
NULL,NULL,11/29/2021 6:14,10/9/2022 9:50,11/29/2021 0:00,NULL,11/29/2022 0:00,10/9/2023 9:50,annual,annual,254888,6603,10418,314
8/13/2022 23:14,11/14/2022 16:37,4/20/2022 6:43,10/11/2022 14:14,8/20/2022 7:00,12/11/2022 14:20,8/20/2022 6:43,12/11/2022 14:14,monthly,monthly,269984,8576,10433,52
5/29/2022 20:05,NULL,4/30/2022 9:48,10/19/2022 18:02,5/30/2022 10:00,NULL,5/30/2022 9:48,10/19/2023 18:02,monthly,annual,182377,8658,10508,142
6/6/2022 4:39,10/20/2022 11:04,6/2/2022 23:57,10/20/2022 10:58,6/6/2022 6:42,10/20/2023 10:58,7/2/2022 23:57,10/20/2023 10:58,monthly,annual,275215,9071,10521,136
8/15/2022 9:07,NULL,5/26/2022 21:24,10/20/2022 15:29,8/26/2022 21:40,NULL,8/26/2022 21:24,10/20/2023 15:29,monthly,annual,274836,8872,10527,55
6/12/2022 11:41,NULL,4/11/2022 18:23,10/20/2022 19:58,7/11/2022 18:41,NULL,7/11/2022 18:23,10/20/2023 19:58,monthly,annual,270103,8499,10531,101
9/27/2021 0:00,NULL,9/27/2021 18:09,10/21/2022 5:00,9/27/2022 0:00,NULL,9/27/2022 0:00,10/21/2023 5:00,annual,annual,171476,5545,10537,24
NULL,NULL,6/6/2022 6:45,10/28/2022 10:31,10/7/2022 11:33,1/16/2023 0:00,6/6/2023 6:45,10/28/2023 0:00,annual,annual,271258,9095,10594,21
